;EVI;NDVI;millis;sur_refl_b01;sur_refl_b02;sur_refl_b03;sur_refl_b07;system:index;Timestamp;Year;Month;Day;DOY
0;4504.83;0.597028;950832000000;986.6299999999999;3906.49;484.90000000000003;1642.5599999999997;2000_02_18;2000-02-18;2000;2;18;49
1;3351.5599999999995;0.5967729999999999;952214400000;643.06;2550.2599999999998;292.28999999999996;1959.3499999999997;2000_03_05;2000-03-05;2000;3;5;65
2;3396.33;0.538534;953596800000;892.3299999999999;2974.7899999999995;400.05999999999995;1194.78;2000_03_21;2000-03-21;2000;3;21;81
3;2782.8299999999995;0.5120499999999999;954979200000;772.2399999999999;2393.3399999999997;329.26;1080.43;2000_04_06;2000-04-06;2000;4;6;97
4;2576.7299999999996;0.4801579999999999;956361600000;815.81;2323.7999999999997;343.55999999999995;1231.0;2000_04_22;2000-04-22;2000;4;22;113
5;2478.4499999999994;0.43762799999999996;957744000000;955.5199999999999;2443.68;420.15999999999997;1567.4699999999996;2000_05_08;2000-05-08;2000;5;8;129
6;2029.4299999999996;0.3562489999999999;959126400000;1143.85;2409.6399999999994;487.5199999999999;1450.1499999999999;2000_05_24;2000-05-24;2000;5;24;145
7;1662.4199999999996;0.30076899999999995;960508800000;1234.7199999999998;2268.6499999999996;530.63;1800.98;2000_06_09;2000-06-09;2000;6;9;161
8;1602.82;0.30512399999999995;961891200000;1110.34;2087.8999999999996;464.31999999999994;1147.5099999999998;2000_06_25;2000-06-25;2000;6;25;177
9;1475.9099999999996;0.26686199999999993;963273600000;1294.6899999999998;2244.1299999999997;524.3;2277.41;2000_07_11;2000-07-11;2000;7;11;193
10;1423.5599999999997;0.24439299999999997;964656000000;1443.1399999999996;2383.32;606.32;2458.7199999999993;2000_07_27;2000-07-27;2000;7;27;209
11;1380.85;0.23631299999999997;966038400000;1486.77;2412.4599999999996;615.27;2478.87;2000_08_12;2000-08-12;2000;8;12;225
12;1436.86;0.23772499999999996;967420800000;1567.4999999999995;2548.2400000000002;651.27;2639.9999999999995;2000_08_28;2000-08-28;2000;8;28;241
13;1564.9799999999998;0.252722;968803200000;1616.2899999999995;2708.7799999999997;661.8;2179.7799999999997;2000_09_13;2000-09-13;2000;9;13;257
14;1551.62;0.254366;970185600000;1578.01;2656.22;636.53;2743.9099999999994;2000_09_29;2000-09-29;2000;9;29;273
15;1956.1699999999998;0.34711299999999995;971568000000;1117.79;2332.24;470.45;2287.04;2000_10_15;2000-10-15;2000;10;15;289
16;2642.2999999999997;0.45072699999999993;972950400000;947.6999999999998;2536.54;423.53999999999996;2003.9199999999998;2000_10_31;2000-10-31;2000;10;31;305
17;2794.8699999999994;0.456333;974332800000;1026.76;2770.3399999999997;450.74;2149.39;2000_11_16;2000-11-16;2000;11;16;321
18;3265.02;0.526347;975715200000;901.9599999999998;2907.0299999999997;399.6099999999999;1632.73;2000_12_02;2000-12-02;2000;12;2;337
19;3257.45;0.5364049999999999;977097600000;851.88;2809.5099999999998;387.98999999999995;1730.8799999999997;2000_12_18;2000-12-18;2000;12;18;353
20;3295.7799999999997;0.5321170000000001;978307200000;881.6599999999999;2885.5799999999995;396.4599999999999;1839.7699999999998;2001_01_01;2001-01-01;2001;1;1;1
21;2568.33;0.47284;979689600000;844.93;2354.66;362.89;1699.79;2001_01_17;2001-01-17;2001;1;17;17
22;2189.66;0.391821;981072000000;1046.67;2392.37;441.28999999999996;2107.3399999999997;2001_02_02;2001-02-02;2001;2;2;33
23;2214.1499999999996;0.3951989999999999;982454400000;1036.3899999999996;2388.8599999999997;445.16999999999996;2012.54;2001_02_18;2001-02-18;2001;2;18;49
24;2289.94;0.4131489999999999;983836800000;977.2399999999999;2344.5499999999997;435.98999999999995;1938.3199999999997;2001_03_06;2001-03-06;2001;3;6;65
25;2442.4499999999994;0.45626099999999997;985219200000;848.91;2275.7899999999995;369.8299999999999;1758.7499999999998;2001_03_22;2001-03-22;2001;3;22;81
26;2689.7199999999993;0.5093859999999999;986601600000;733.0999999999999;2263.2099999999996;326.92;1664.8399999999997;2001_04_07;2001-04-07;2001;4;7;97
27;2760.67;0.548349;987984000000;630.4899999999999;2165.5099999999998;273.81999999999994;1322.2299999999998;2001_04_23;2001-04-23;2001;4;23;113
28;1835.9499999999998;0.37833999999999995;989366400000;871.5699999999998;1933.8400000000001;360.46;1875.4799999999998;2001_05_09;2001-05-09;2001;5;9;129
29;1597.5199999999998;0.32132299999999997;990748800000;999.4299999999998;1946.6899999999996;413.6199999999999;1994.6899999999996;2001_05_25;2001-05-25;2001;5;25;145
30;1429.81;0.28467599999999993;992131200000;1087.2399999999998;1955.8599999999997;440.8499999999999;2077.9799999999996;2001_06_10;2001-06-10;2001;6;10;161
31;1291.9399999999998;0.25745300000000004;993513600000;1142.03;1932.5499999999995;464.9099999999999;2317.12;2001_06_26;2001-06-26;2001;6;26;177
32;1221.9199999999998;0.26603999999999994;994896000000;992.2899999999998;1710.76;395.54999999999995;2124.9799999999996;2001_07_12;2001-07-12;2001;7;12;193
33;1264.0099999999998;0.25374399999999997;996278400000;1141.09;1915.2799999999997;458.9599999999999;2382.27;2001_07_28;2001-07-28;2001;7;28;209
34;1254.2699999999998;0.241606;997660800000;1239.2;2027.6299999999997;499.0399999999999;2515.6599999999994;2001_08_13;2001-08-13;2001;8;13;225
35;1231.3700000000001;0.25396299999999994;999043200000;1100.1999999999998;1847.4699999999998;435.3299999999999;2379.68;2001_08_29;2001-08-29;2001;8;29;241
36;1331.8899999999999;0.28009;1000425600000;1029.1999999999998;1829.1699999999998;401.84999999999997;2465.75;2001_09_14;2001-09-14;2001;9;14;257
37;1306.81;0.26012399999999997;1001808000000;1147.1499999999999;1957.9800000000002;450.36999999999995;2597.8599999999997;2001_09_30;2001-09-30;2001;9;30;273
38;1477.6999999999998;0.2908509999999999;1003190400000;1097.1599999999999;2005.6299999999997;435.54999999999995;2703.81;2001_10_16;2001-10-16;2001;10;16;289
39;2467.62;0.3925139999999999;1004572800000;1257.3;2879.3799999999997;528.61;2680.29;2001_11_01;2001-11-01;2001;11;1;305
40;2965.8099999999995;0.4767469999999999;1005955200000;1033.36;2928.6699999999996;420.18999999999994;2290.5699999999997;2001_11_17;2001-11-17;2001;11;17;321
41;2811.2299999999996;0.5039129999999999;1007337600000;803.8999999999999;2466.2999999999997;340.89;1463.4599999999998;2001_12_03;2001-12-03;2001;12;3;337
42;2807.23;0.4818179999999999;1008720000000;881.53;2587.0099999999998;372.0899999999999;2048.3799999999997;2001_12_19;2001-12-19;2001;12;19;353
43;2809.58;0.5462119999999999;1009843200000;649.4200000000001;2237.64;271.9;1465.46;2002_01_01;2002-01-01;2002;1;1;1
44;2297.0899999999997;0.4638549999999999;1011225600000;748.34;2053.7799999999997;317.90999999999997;1628.97;2002_01_17;2002-01-17;2002;1;17;17
45;2612.8999999999996;0.5206769999999998;1012608000000;672.5699999999999;2132.7399999999993;296.17;1474.03;2002_02_02;2002-02-02;2002;2;2;33
46;3014.1699999999996;0.5218499999999999;1013990400000;819.5599999999998;2609.3499999999995;357.85999999999996;1700.11;2002_02_18;2002-02-18;2002;2;18;49
47;2478.7;0.498699;1015372800000;705.65;2104.3199999999997;298.4;1554.64;2002_03_06;2002-03-06;2002;3;6;65
48;2676.16;0.5220419999999999;1016755200000;693.52;2208.5899999999997;295.84;1313.9799999999998;2002_03_22;2002-03-22;2002;3;22;81
49;1763.0;0.365169;1018137600000;894.3799999999999;1930.4899999999996;348.42999999999995;1947.4699999999998;2002_04_07;2002-04-07;2002;4;7;97
50;1648.9299999999998;0.31836899999999996;1019520000000;1075.49;2081.02;438.69;2145.3599999999997;2002_04_23;2002-04-23;2002;4;23;113
51;1351.78;0.266567;1020902400000;1139.12;1966.1299999999999;469.38999999999993;2110.06;2002_05_09;2002-05-09;2002;5;9;129
52;1054.1799999999998;0.23252299999999995;1022284800000;1028.86;1652.9299999999998;405.82;2028.98;2002_05_25;2002-05-25;2002;5;25;145
53;1033.32;0.236566;1023667200000;967.0899999999999;1567.1899999999998;385.06;1819.6399999999999;2002_06_10;2002-06-10;2002;6;10;161
54;1030.4699999999998;0.223861;1025049600000;1075.5799999999997;1695.86;413.72999999999996;2353.97;2002_06_26;2002-06-26;2002;6;26;177
55;1078.5099999999998;0.21194899999999997;1026432000000;1276.71;1959.0799999999997;509.04999999999995;2487.6499999999996;2002_07_12;2002-07-12;2002;7;12;193
56;1101.52;0.21291499999999997;1027814400000;1311.55;2020.8799999999997;506.0499999999999;2601.75;2002_07_28;2002-07-28;2002;7;28;209
57;1147.51;0.22671999999999995;1029196800000;1249.4899999999998;1981.53;474.65;2761.8299999999995;2002_08_13;2002-08-13;2002;8;13;225
58;1244.12;0.267154;1030579200000;1039.29;1795.9699999999996;384.63;2371.5299999999997;2002_08_29;2002-08-29;2002;8;29;241
59;1282.6899999999998;0.24817299999999995;1031961600000;1272.03;2106.2599999999998;459.34999999999997;2892.2299999999996;2002_09_14;2002-09-14;2002;9;14;257
60;1380.86;0.28683600000000004;1033344000000;1036.62;1871.1899999999998;398.55;2527.43;2002_09_30;2002-09-30;2002;9;30;273
61;1333.54;0.256001;1034726400000;1221.36;2069.56;471.98999999999995;2910.0699999999997;2002_10_16;2002-10-16;2002;10;16;289
62;1523.2999999999997;0.279605;1036108800000;1250.87;2220.45;510.40000000000003;2892.6399999999994;2002_11_01;2002-11-01;2002;11;1;305
63;1250.4099999999999;0.262668;1037491200000;1057.62;1811.9899999999996;414.5999999999999;2475.99;2002_11_17;2002-11-17;2002;11;17;321
64;1820.8499999999997;0.30593499999999996;1038873600000;1424.2599999999998;2685.0099999999998;522.6999999999999;3225.5899999999997;2002_12_03;2002-12-03;2002;12;3;337
65;2342.22;0.43039799999999995;1040256000000;949.06;2378.7499999999995;373.53999999999996;2311.6299999999997;2002_12_19;2002-12-19;2002;12;19;353
66;2420.5299999999997;0.43883399999999995;1041379200000;946.31;2425.34;374.73999999999995;2309.33;2003_01_01;2003-01-01;2003;1;1;1
67;2632.46;0.541719;1042761600000;608.64;2054.35;266.18999999999994;1172.8799999999999;2003_01_17;2003-01-17;2003;1;17;17
68;3030.899999999999;0.5324649999999999;1044144000000;784.39;2575.49;351.09999999999997;1782.06;2003_02_02;2003-02-02;2003;2;2;33
69;2969.0899999999992;0.5602739999999999;1045526400000;664.9499999999999;2349.3599999999997;285.4;1528.4999999999998;2003_02_18;2003-02-18;2003;2;18;49
70;2615.7299999999996;0.51128;1046908800000;713.31;2196.8999999999996;303.39;1546.0199999999998;2003_03_06;2003-03-06;2003;3;6;65
71;2708.479999999999;0.497882;1048291200000;788.39;2355.08;346.3399999999999;1695.9799999999998;2003_03_22;2003-03-22;2003;3;22;81
72;2366.52;0.43886499999999995;1049673600000;903.4599999999999;2316.1899999999996;373.46999999999997;1955.14;2003_04_07;2003-04-07;2003;4;7;97
73;1670.6099999999997;0.32747299999999996;1051056000000;1035.06;2045.0899999999997;421.06999999999994;2119.65;2003_04_23;2003-04-23;2003;4;23;113
74;1603.54;0.30535999999999996;1052438400000;1139.86;2143.46;449.19999999999993;2264.83;2003_05_09;2003-05-09;2003;5;9;129
75;1509.9399999999998;0.27886500000000003;1053820800000;1264.4599999999998;2243.2099999999996;487.65;2312.1099999999997;2003_05_25;2003-05-25;2003;5;25;145
76;1305.9399999999998;0.251693;1055203200000;1225.51;2048.2999999999997;490.02;2318.5;2003_06_10;2003-06-10;2003;6;10;161
77;1279.8299999999997;0.24315099999999998;1056585600000;1282.1599999999999;2103.5;504.75999999999993;2317.36;2003_06_26;2003-06-26;2003;6;26;177
78;1229.06;0.21820699999999998;1057968000000;1473.74;2292.37;603.3299999999999;2454.1999999999994;2003_07_12;2003-07-12;2003;7;12;193
79;1180.86;0.21839;1059350400000;1443.1999999999998;2245.0;531.17;2539.16;2003_07_28;2003-07-28;2003;7;28;209
80;1164.7499999999998;0.22583999999999996;1060732800000;1305.2999999999997;2062.87;486.15999999999997;2546.2299999999996;2003_08_13;2003-08-13;2003;8;13;225
81;1120.46;0.207177;1062115200000;1425.33;2166.89;559.05;2754.39;2003_08_29;2003-08-29;2003;8;29;241
82;1150.2299999999998;0.22001799999999994;1063497600000;1356.48;2117.7799999999997;496.2399999999999;2705.5399999999995;2003_09_14;2003-09-14;2003;9;14;257
83;1159.62;0.20801899999999995;1064880000000;1487.86;2266.85;590.24;2894.7599999999998;2003_09_30;2003-09-30;2003;9;30;273
84;1157.4099999999999;0.21113599999999996;1066262400000;1478.8299999999997;2267.2400000000002;550.27;2985.1499999999996;2003_10_16;2003-10-16;2003;10;16;289
85;1250.9199999999998;0.22880399999999995;1067644800000;1407.44;2242.7899999999995;533.29;3216.0199999999995;2003_11_01;2003-11-01;2003;11;1;305
86;1762.0599999999997;0.308901;1069027200000;1253.4699999999998;2398.67;492.13999999999993;2280.1499999999996;2003_11_17;2003-11-17;2003;11;17;321
87;2412.5699999999997;0.40953;1070409600000;1120.7799999999997;2666.6499999999996;437.77;2626.6299999999997;2003_12_03;2003-12-03;2003;12;3;337
88;1736.5399999999997;0.38089599999999996;1071792000000;789.2699999999999;1774.6899999999998;323.09;1545.0099999999998;2003_12_19;2003-12-19;2003;12;19;353
89;1748.11;0.328892;1072915200000;1103.9599999999998;2197.4399999999996;433.21999999999997;2565.9499999999994;2004_01_01;2004-01-01;2004;1;1;1
90;2370.16;0.48065699999999995;1074297600000;717.81;2053.83;304.62;1514.7399999999998;2004_01_17;2004-01-17;2004;1;17;17
91;2030.2099999999996;0.392747;1075680000000;926.1499999999999;2137.4599999999996;376.7899999999999;2274.0800000000004;2004_02_02;2004-02-02;2004;2;2;33
92;2562.39;0.4809919999999999;1077062400000;799.4;2295.43;335.77;1605.4799999999998;2004_02_18;2004-02-18;2004;2;18;49
93;3684.8899999999994;0.685681;1078444800000;467.66999999999996;2512.0499999999997;194.48999999999995;832.06;2004_03_05;2004-03-05;2004;3;5;65
94;3585.7499999999995;0.5743010000000001;1079827200000;814.2399999999999;3036.53;321.47999999999996;1763.76;2004_03_21;2004-03-21;2004;3;21;81
95;3451.2499999999995;0.5519749999999999;1081209600000;841.8199999999999;2937.98;371.67999999999995;1655.6599999999996;2004_04_06;2004-04-06;2004;4;6;97
96;2991.8399999999997;0.4933289999999999;1082592000000;941.6399999999999;2781.67;396.68999999999994;1806.4599999999996;2004_04_22;2004-04-22;2004;4;22;113
97;2582.9;0.460265;1083974400000;897.17;2430.1899999999996;394.89;1735.0699999999997;2004_05_08;2004-05-08;2004;5;8;129
98;1880.6399999999996;0.36570499999999995;1085356800000;973.8499999999998;2096.96;402.40999999999997;1872.04;2004_05_24;2004-05-24;2004;5;24;145
99;1463.82;0.28294699999999995;1086739200000;1156.31;2067.25;463.0899999999999;2224.22;2004_06_09;2004-06-09;2004;6;9;161
100;1495.8799999999999;0.250891;1088121600000;1466.8899999999999;2450.3299999999995;645.06;2377.04;2004_06_25;2004-06-25;2004;6;25;177
101;1225.8799999999999;0.237352;1089504000000;1247.09;2023.4699999999998;490.34;2464.0099999999998;2004_07_11;2004-07-11;2004;7;11;193
102;1190.6599999999999;0.22862799999999997;1090886400000;1292.8799999999999;2058.18;499.48999999999995;2531.6599999999994;2004_07_27;2004-07-27;2004;7;27;209
103;1173.5399999999997;0.22254799999999997;1092268800000;1316.33;2069.63;522.89;2668.0499999999997;2004_08_12;2004-08-12;2004;8;12;225
104;1146.1499999999999;0.225981;1093651200000;1246.22;1972.6899999999998;481.65999999999997;2716.59;2004_08_28;2004-08-28;2004;8;28;241
105;1173.27;0.23493899999999998;1095033600000;1206.31;1947.2199999999998;466.13;2785.39;2004_09_13;2004-09-13;2004;9;13;257
106;1182.39;0.23325899999999997;1096416000000;1220.9799999999998;1965.21;480.71999999999997;2717.2899999999995;2004_09_29;2004-09-29;2004;9;29;273
107;1325.7599999999998;0.24458499999999994;1097798400000;1337.0699999999997;2203.4199999999996;533.84;3096.4499999999994;2004_10_15;2004-10-15;2004;10;15;289
108;1391.2499999999995;0.23565299999999997;1099180800000;1572.3899999999999;2543.2799999999997;607.63;3615.3499999999995;2004_10_31;2004-10-31;2004;10;31;305
109;1721.1499999999999;0.30702599999999997;1100563200000;1252.0799999999997;2364.6;499.6499999999999;2771.8399999999997;2004_11_16;2004-11-16;2004;11;16;321
110;2243.5399999999995;0.34824000000000005;1101945600000;1441.7799999999997;2983.08;594.2399999999999;2921.42;2004_12_02;2004-12-02;2004;12;2;337
111;2786.0199999999995;0.40964699999999993;1103328000000;1388.6299999999997;3324.9399999999996;574.6700000000001;2883.71;2004_12_18;2004-12-18;2004;12;18;353
112;2226.5599999999995;0.400406;1104537600000;1031.2399999999998;2411.45;413.48999999999995;2328.7;2005_01_01;2005-01-01;2005;1;1;1
113;3013.52;0.5270849999999999;1105920000000;805.1799999999998;2593.4899999999993;346.21999999999997;1279.5099999999998;2005_01_17;2005-01-17;2005;1;17;17
114;3145.729999999999;0.514544;1107302400000;938.2099999999999;2861.31;397.92999999999995;2021.8499999999997;2005_02_02;2005-02-02;2005;2;2;33
115;3278.6999999999994;0.5638099999999999;1108684800000;755.1399999999999;2699.2099999999996;313.39;1526.4599999999998;2005_02_18;2005-02-18;2005;2;18;49
116;3471.9499999999994;0.576375;1110067200000;762.1199999999999;2834.4199999999996;329.09;1391.0699999999997;2005_03_06;2005-03-06;2005;3;6;65
117;3723.0099999999993;0.5825469999999999;1111449600000;803.2199999999999;3051.2199999999993;370.5799999999999;1503.82;2005_03_22;2005-03-22;2005;3;22;81
118;3125.0199999999995;0.565641;1112832000000;686.8999999999999;2480.4799999999996;301.23999999999995;1401.1999999999998;2005_04_07;2005-04-07;2005;4;7;97
119;3141.8099999999995;0.532144;1114214400000;807.2599999999999;2657.44;371.63;1456.6399999999999;2005_04_23;2005-04-23;2005;4;23;113
120;2647.0999999999995;0.461408;1115596800000;918.42;2503.2499999999995;408.46999999999997;1624.8099999999997;2005_05_09;2005-05-09;2005;5;9;129
121;2132.17;0.40354999999999996;1116979200000;955.9199999999998;2254.2299999999996;370.60999999999996;1760.3899999999996;2005_05_25;2005-05-25;2005;5;25;145
122;1698.56;0.303162;1118361600000;1265.36;2367.3799999999997;501.2699999999999;2162.9299999999994;2005_06_10;2005-06-10;2005;6;10;161
123;1636.7899999999997;0.27757200000000004;1119744000000;1416.93;2508.3799999999997;582.3299999999999;2213.31;2005_06_26;2005-06-26;2005;6;26;177
124;1556.61;0.26145999999999997;1121126400000;1514.23;2589.6099999999997;591.5099999999999;2236.75;2005_07_12;2005-07-12;2005;7;12;193
125;1492.75;0.24461799999999995;1122508800000;1618.3699999999997;2669.6699999999996;640.6999999999999;2381.5;2005_07_28;2005-07-28;2005;7;28;209
126;1488.1;0.25252299999999994;1123891200000;1555.7399999999998;2609.84;568.7099999999999;2369.7299999999996;2005_08_13;2005-08-13;2005;8;13;225
127;1428.7199999999998;0.23161299999999996;1125273600000;1643.92;2636.4;686.42;2494.0599999999995;2005_08_29;2005-08-29;2005;8;29;241
128;1397.5399999999997;0.22727999999999998;1126656000000;1666.7199999999998;2647.97;681.31;2552.859999999999;2005_09_14;2005-09-14;2005;9;14;257
129;1362.3899999999999;0.23203;1128038400000;1554.8999999999999;2495.0;611.3299999999999;2487.46;2005_09_30;2005-09-30;2005;9;30;273
130;1404.11;0.227766;1129420800000;1701.03;2703.5499999999997;676.9699999999999;2786.99;2005_10_16;2005-10-16;2005;10;16;289
131;1423.2099999999998;0.21515499999999999;1130803200000;1992.5799999999997;3085.07;780.3999999999999;3400.7;2005_11_01;2005-11-01;2005;11;1;305
132;1515.2899999999997;0.221761;1132185600000;2102.68;3301.0599999999995;818.9099999999999;3726.8899999999994;2005_11_17;2005-11-17;2005;11;17;321
133;1421.7299999999998;0.24295999999999995;1133568000000;1528.3899999999999;2509.22;591.8699999999999;3038.4899999999993;2005_12_03;2005-12-03;2005;12;3;337
134;1819.19;0.28909799999999997;1134950400000;1560.9099999999999;2834.3799999999997;641.12;3137.8099999999995;2005_12_19;2005-12-19;2005;12;19;353
135;2878.4399999999996;0.47717600000000004;1136073600000;964.9499999999999;2728.95;427.09999999999997;1902.1399999999999;2006_01_01;2006-01-01;2006;1;1;1
136;3477.63;0.522043;1137456000000;974.4199999999998;3173.0799999999995;410.99;2156.52;2006_01_17;2006-01-17;2006;1;17;17
137;4195.359999999999;0.576556;1138838400000;1026.11;3819.2999999999993;441.23;2029.2399999999998;2006_02_02;2006-02-02;2006;2;2;33
138;3878.13;0.6428269999999999;1140220800000;627.43;2891.74;274.67999999999995;1272.08;2006_02_18;2006-02-18;2006;2;18;49
139;3828.5099999999998;0.5942179999999999;1141603200000;791.2899999999998;3114.2;360.08;1492.5099999999998;2006_03_06;2006-03-06;2006;3;6;65
140;3625.209999999999;0.5888619999999999;1142985600000;751.8399999999998;2905.41;355.95;1228.0;2006_03_22;2006-03-22;2006;3;22;81
141;2731.46;0.5377099999999998;1144368000000;650.0199999999999;2171.72;289.03;1115.66;2006_04_07;2006-04-07;2006;4;7;97
142;2700.21;0.5218649999999999;1145750400000;698.8299999999999;2225.84;305.60999999999996;1326.29;2006_04_23;2006-04-23;2006;4;23;113
143;2180.71;0.41991699999999993;1147132800000;885.6699999999997;2169.4399999999996;370.78999999999996;1704.86;2006_05_09;2006-05-09;2006;5;9;129
144;1584.5;0.306876;1148515200000;1108.5099999999998;2088.02;438.8099999999999;2110.9199999999996;2006_05_25;2006-05-25;2006;5;25;145
145;1476.5599999999997;0.26591999999999993;1149897600000;1303.0799999999997;2245.2099999999996;548.59;2116.4999999999995;2006_06_10;2006-06-10;2006;6;10;161
146;1496.9599999999998;0.2642799999999999;1151280000000;1376.2;2363.45;551.2399999999999;2316.5499999999997;2006_06_26;2006-06-26;2006;6;26;177
147;1424.4899999999998;0.254845;1152662400000;1367.6999999999998;2298.2699999999995;555.56;2339.8599999999997;2006_07_12;2006-07-12;2006;7;12;193
148;1438.85;0.249133;1154044800000;1442.7499999999998;2396.8199999999997;595.9399999999999;2424.4;2006_07_28;2006-07-28;2006;7;28;209
149;1335.0299999999997;0.24013199999999998;1155427200000;1379.5699999999997;2252.5199999999995;558.6999999999999;2552.14;2006_08_13;2006-08-13;2006;8;13;225
150;1357.2499999999998;0.24545999999999996;1156809600000;1374.4099999999999;2269.5899999999997;536.43;2683.1099999999997;2006_08_29;2006-08-29;2006;8;29;241
151;1270.9799999999998;0.259425;1158192000000;1126.27;1915.54;424.8999999999999;2380.06;2006_09_14;2006-09-14;2006;9;14;257
152;1419.7499999999998;0.24934899999999993;1159574400000;1407.81;2344.2799999999997;575.66;2825.1;2006_09_30;2006-09-30;2006;9;30;273
153;1332.0099999999998;0.26278299999999993;1160956800000;1210.1699999999998;2073.23;417.01;2816.06;2006_10_16;2006-10-16;2006;10;16;289
154;1711.6499999999999;0.279155;1162339200000;1551.1399999999996;2753.5499999999993;601.76;3335.1499999999996;2006_11_01;2006-11-01;2006;11;1;305
155;2168.99;0.37979799999999997;1163721600000;1127.4199999999998;2521.5599999999995;437.00999999999993;2456.64;2006_11_17;2006-11-17;2006;11;17;321
156;2055.8999999999996;0.35065799999999997;1165104000000;1247.31;2602.24;481.29999999999995;3008.8799999999997;2006_12_03;2006-12-03;2006;12;3;337
157;2759.1599999999994;0.490482;1166486400000;858.28;2507.95;360.48999999999995;2012.2899999999997;2006_12_19;2006-12-19;2006;12;19;353
158;2757.8899999999994;0.47058399999999995;1167609600000;946.6199999999998;2634.72;402.23999999999995;2254.89;2007_01_01;2007-01-01;2007;1;1;1
159;2915.83;0.45248299999999997;1168992000000;1175.42;3094.8199999999997;485.17999999999995;2558.08;2007_01_17;2007-01-17;2007;1;17;17
160;2618.6499999999996;0.443866;1170374400000;1029.1399999999999;2668.0799999999995;426.1099999999999;2286.19;2007_02_02;2007-02-02;2007;2;2;33
161;2497.0999999999995;0.42031699999999994;1171756800000;1097.6999999999998;2688.189999999999;446.9699999999999;2398.4699999999993;2007_02_18;2007-02-18;2007;2;18;49
162;2479.5599999999995;0.408685;1173139200000;1165.21;2774.85;472.40999999999997;2428.95;2007_03_06;2007-03-06;2007;3;6;65
163;2026.4599999999996;0.373849;1174521600000;1043.2699999999998;2289.04;425.37999999999994;2151.93;2007_03_22;2007-03-22;2007;3;22;81
164;1945.2199999999998;0.350884;1175904000000;1140.05;2373.7999999999997;450.06999999999994;2339.83;2007_04_07;2007-04-07;2007;4;7;97
165;2033.5399999999997;0.41067299999999995;1177286400000;836.06;2003.3799999999997;355.9099999999999;1518.7199999999996;2007_04_23;2007-04-23;2007;4;23;113
166;1625.2800000000002;0.318665;1178668800000;1054.4199999999998;2040.5199999999998;426.17999999999995;2156.89;2007_05_09;2007-05-09;2007;5;9;129
167;1403.1699999999998;0.253114;1180051200000;1359.7499999999998;2281.1099999999997;537.7199999999999;2463.5399999999995;2007_05_25;2007-05-25;2007;5;25;145
168;1219.12;0.22586599999999998;1181433600000;1336.5999999999997;2114.7299999999996;558.0099999999999;2353.87;2007_06_10;2007-06-10;2007;6;10;161
169;1225.2499999999998;0.22533699999999998;1182816000000;1387.5600000000002;2193.27;544.87;2529.3699999999994;2007_06_26;2007-06-26;2007;6;26;177
170;1212.59;0.217838;1184198400000;1447.37;2253.2099999999996;577.3299999999999;2678.58;2007_07_12;2007-07-12;2007;7;12;193
171;1172.9799999999998;0.20976399999999998;1185580800000;1475.3599999999997;2258.39;590.4599999999999;2715.2399999999993;2007_07_28;2007-07-28;2007;7;28;209
172;1176.8799999999999;0.20985899999999996;1186963200000;1510.0199999999998;2312.2799999999997;578.01;2803.6899999999996;2007_08_13;2007-08-13;2007;8;13;225
173;1188.6899999999998;0.210096;1188345600000;1535.7799999999997;2352.6599999999994;585.8399999999999;2969.6599999999994;2007_08_29;2007-08-29;2007;8;29;241
174;1259.7399999999998;0.21292099999999997;1189728000000;1613.0999999999997;2486.1099999999997;645.9599999999999;3067.39;2007_09_14;2007-09-14;2007;9;14;257
175;1149.4099999999999;0.22970499999999996;1191110400000;1195.4299999999998;1908.44;479.87999999999994;2077.95;2007_09_30;2007-09-30;2007;9;30;273
176;2009.2299999999998;0.32666799999999996;1192492800000;1403.2199999999998;2757.8599999999997;569.27;3167.5899999999997;2007_10_16;2007-10-16;2007;10;16;289
177;2551.5599999999995;0.434558;1193875200000;1039.8199999999997;2646.95;417.87999999999994;2564.6699999999996;2007_11_01;2007-11-01;2007;11;1;305
178;2490.2799999999993;0.39051499999999995;1195257600000;1293.8899999999999;2967.1599999999994;520.25;2927.9999999999995;2007_11_17;2007-11-17;2007;11;17;321
179;2916.82;0.513961;1196640000000;777.1999999999999;2430.41;393.31;1193.84;2007_12_03;2007-12-03;2007;12;3;337
180;2715.39;0.457662;1198022400000;975.3499999999999;2659.7099999999996;414.9599999999999;2218.0899999999997;2007_12_19;2007-12-19;2007;12;19;353
181;2476.0999999999995;0.42543000000000003;1199145600000;1033.3899999999999;2586.7999999999997;426.16999999999996;2118.6399999999994;2008_01_01;2008-01-01;2008;1;1;1
182;2992.02;0.530805;1200528000000;780.3699999999999;2548.1399999999994;329.0099999999999;1880.96;2008_01_17;2008-01-17;2008;1;17;17
183;3018.8499999999995;0.49632299999999996;1201910400000;972.1999999999998;2865.7200000000003;416.1499999999999;1970.5799999999997;2008_02_02;2008-02-02;2008;2;2;33
184;2742.27;0.509402;1203292800000;762.7899999999998;2338.3799999999997;337.71999999999997;1456.1199999999997;2008_02_18;2008-02-18;2008;2;18;49
185;2619.81;0.45613799999999993;1204675200000;963.8699999999999;2580.5999999999995;391.50999999999993;2058.13;2008_03_05;2008-03-05;2008;3;5;65
186;2836.47;0.49623199999999995;1206057600000;863.3499999999999;2564.4799999999996;366.83;1831.09;2008_03_21;2008-03-21;2008;3;21;81
187;3034.2599999999998;0.5236639999999999;1207440000000;820.6399999999999;2628.99;354.34;1710.6299999999999;2008_04_06;2008-04-06;2008;4;6;97
188;2311.97;0.39904199999999995;1208822400000;1080.79;2517.14;461.2699999999999;2032.7299999999998;2008_04_22;2008-04-22;2008;4;22;113
189;2073.7;0.373139;1210204800000;1072.8799999999999;2351.08;451.5599999999999;2032.9599999999998;2008_05_08;2008-05-08;2008;5;8;129
190;1873.98;0.35899899999999996;1211587200000;1014.1999999999998;2151.1499999999996;409.63;2001.6899999999998;2008_05_24;2008-05-24;2008;5;24;145
191;1341.3299999999997;0.274277;1212969600000;1072.82;1883.9299999999996;426.7;2133.0899999999997;2008_06_09;2008-06-09;2008;6;9;161
192;1339.6099999999997;0.252195;1214352000000;1262.2899999999997;2113.3999999999996;507.8599999999999;2370.8399999999997;2008_06_25;2008-06-25;2008;6;25;177
193;1270.2599999999998;0.22802199999999997;1215734400000;1425.8200000000002;2266.49;572.6899999999999;2469.6499999999996;2008_07_11;2008-07-11;2008;7;11;193
194;1224.83;0.21665799999999993;1217116800000;1475.5799999999997;2291.2699999999995;601.8799999999999;2592.15;2008_07_27;2008-07-27;2008;7;27;209
195;1256.4999999999998;0.212073;1218499200000;1604.5499999999997;2468.21;655.6;2751.7999999999993;2008_08_12;2008-08-12;2008;8;12;225
196;1266.68;0.213858;1219881600000;1623.9999999999998;2508.0399999999995;641.9;2859.1899999999996;2008_08_28;2008-08-28;2008;8;28;241
197;1302.21;0.21469199999999997;1221264000000;1706.2899999999997;2640.02;661.0699999999999;2994.04;2008_09_13;2008-09-13;2008;9;13;257
198;1363.2399999999998;0.21510599999999994;1222646400000;1820.0299999999997;2817.7;726.39;3114.0499999999997;2008_09_29;2008-09-29;2008;9;29;273
199;1347.52;0.22640699999999997;1224028800000;1616.2899999999995;2563.1199999999994;626.65;3263.2299999999996;2008_10_15;2008-10-15;2008;10;15;289
200;1335.82;0.26999199999999995;1225411200000;1107.25;1927.22;434.2099999999999;2643.6499999999996;2008_10_31;2008-10-31;2008;10;31;305
201;2153.5399999999995;0.372744;1226793600000;1166.5299999999997;2560.39;449.49000000000007;2809.19;2008_11_16;2008-11-16;2008;11;16;321
202;1857.2800000000002;0.31435599999999997;1228176000000;1325.57;2542.18;551.3199999999999;3016.16;2008_12_02;2008-12-02;2008;12;2;337
203;2132.5499999999997;0.33329;1229558400000;1520.7099999999998;3051.2299999999996;568.1099999999999;3481.74;2008_12_18;2008-12-18;2008;12;18;353
204;2434.09;0.40033499999999994;1230768000000;1130.23;2645.33;517.63;2403.1;2009_01_01;2009-01-01;2009;1;1;1
205;3437.2;0.6183019999999999;1232150400000;598.21;2535.97;271.7799999999999;1022.8899999999999;2009_01_17;2009-01-17;2009;1;17;17
206;3527.8899999999994;0.6225629999999999;1233532800000;623.2199999999999;2670.3599999999997;252.49999999999997;1380.1799999999998;2009_02_02;2009-02-02;2009;2;2;33
207;3897.6299999999987;0.674578;1234915200000;530.6099999999999;2732.8199999999997;239.37999999999997;1096.64;2009_02_18;2009-02-18;2009;2;18;49
208;3003.169999999999;0.5319409999999999;1236297600000;794.84;2603.1699999999996;310.71999999999997;1743.5699999999997;2009_03_06;2009-03-06;2009;3;6;65
209;3026.5299999999997;0.538055;1237680000000;763.4099999999999;2541.5;325.81999999999994;1535.22;2009_03_22;2009-03-22;2009;3;22;81
210;2515.7;0.4246849999999999;1239062400000;1058.69;2624.6099999999997;456.7099999999999;1921.1399999999996;2009_04_07;2009-04-07;2009;4;7;97
211;2280.9299999999994;0.394613;1240444800000;1077.55;2482.47;473.92;1876.3499999999997;2009_04_23;2009-04-23;2009;4;23;113
212;1908.5899999999995;0.352855;1241827200000;1064.9299999999998;2224.71;456.34999999999997;1729.08;2009_05_09;2009-05-09;2009;5;9;129
213;1662.5899999999997;0.32253899999999996;1243209600000;1053.0;2055.48;440.19;2082.1;2009_05_25;2009-05-25;2009;5;25;145
214;1209.8999999999999;0.25476299999999996;1244592000000;1053.9199999999998;1777.6999999999994;420.96;1976.6699999999996;2009_06_10;2009-06-10;2009;6;10;161
215;1246.6499999999999;0.2593609999999999;1245974400000;1077.8999999999999;1832.8199999999997;420.17999999999995;2307.8199999999997;2009_06_26;2009-06-26;2009;6;26;177
216;1197.4499999999998;0.22210499999999997;1247356800000;1359.07;2135.45;544.7699999999999;2567.7699999999995;2009_07_12;2009-07-12;2009;7;12;193
217;1183.9799999999998;0.21986899999999995;1248739200000;1362.1399999999996;2130.65;545.8299999999999;2577.81;2009_07_28;2009-07-28;2009;7;28;209
218;1153.2999999999997;0.23021;1250121600000;1206.0699999999997;1926.92;472.3399999999999;2522.0299999999997;2009_08_13;2009-08-13;2009;8;13;225
219;1212.57;0.24198499999999998;1251504000000;1181.9999999999998;1938.94;456.55;2578.0499999999997;2009_08_29;2009-08-29;2009;8;29;241
220;1459.2899999999997;0.26113099999999995;1252886400000;1360.7699999999998;2324.9799999999996;529.1699999999998;2804.4500000000003;2009_09_14;2009-09-14;2009;9;14;257
221;1419.8299999999997;0.282649;1254268800000;1110.71;1987.0799999999997;430.1699999999999;2497.03;2009_09_30;2009-09-30;2009;9;30;273
222;1345.4299999999998;0.2694559999999999;1255651200000;1121.37;1949.1200000000001;443.89;2625.4199999999996;2009_10_16;2009-10-16;2009;10;16;289
223;1948.7599999999998;0.3813749999999999;1257033600000;975.3899999999999;2178.0599999999995;344.55999999999995;2409.72;2009_11_01;2009-11-01;2009;11;1;305
224;1978.6899999999998;0.33843999999999996;1258416000000;1273.7799999999997;2583.45;489.2099999999999;3034.09;2009_11_17;2009-11-17;2009;11;17;321
225;2065.77;0.337562;1259798400000;1380.5299999999997;2792.8799999999997;535.3;2949.2299999999996;2009_12_03;2009-12-03;2009;12;3;337
226;2441.1899999999996;0.47552599999999995;1261180800000;774.7299999999999;2184.109999999999;321.56999999999994;1489.0499999999997;2009_12_19;2009-12-19;2009;12;19;353
227;3181.0299999999997;0.5857319999999999;1262304000000;629.8199999999999;2424.5399999999995;280.72999999999996;1383.0699999999997;2010_01_01;2010-01-01;2010;1;1;1
228;3649.91;0.617548;1263686400000;690.9399999999998;2879.2999999999997;269.73999999999995;1512.8399999999997;2010_01_17;2010-01-17;2010;1;17;17
229;3834.2799999999997;0.620318;1265068800000;693.7399999999999;2964.9399999999996;310.43;1136.04;2010_02_02;2010-02-02;2010;2;2;33
230;3111.2699999999995;0.56178;1266451200000;706.5399999999998;2517.5299999999997;292.97999999999996;1612.98;2010_02_18;2010-02-18;2010;2;18;49
231;3005.7599999999998;0.5411809999999999;1267833600000;741.1999999999999;2488.92;320.26;1615.4699999999998;2010_03_06;2010-03-06;2010;3;6;65
232;2771.7999999999997;0.52543;1269216000000;714.31;2298.1499999999996;307.43999999999994;1414.1799999999998;2010_03_22;2010-03-22;2010;3;22;81
233;2453.5699999999997;0.4979619999999999;1270598400000;710.2099999999999;2121.8599999999997;268.41999999999996;1640.4799999999996;2010_04_07;2010-04-07;2010;4;7;97
234;2185.49;0.47098599999999996;1271980800000;677.81;1884.8899999999999;286.97999999999996;1306.84;2010_04_23;2010-04-23;2010;4;23;113
235;2142.5399999999995;0.4420579999999999;1273363200000;772.7199999999998;2000.5199999999998;308.97;1786.06;2010_05_09;2010-05-09;2010;5;9;129
236;1994.61;0.38714999999999994;1274745600000;930.3799999999999;2106.16;394.4;1892.1899999999996;2010_05_25;2010-05-25;2010;5;25;145
237;1657.1399999999999;0.31906899999999994;1276128000000;1073.38;2079.67;445.8999999999999;2035.4999999999998;2010_06_10;2010-06-10;2010;6;10;161
238;1543.6999999999998;0.28087;1277510400000;1241.65;2212.6099999999997;525.49;2053.9199999999996;2010_06_26;2010-06-26;2010;6;26;177
239;1495.1699999999998;0.259661;1278892800000;1467.71;2497.48;545.97;2536.1699999999996;2010_07_12;2010-07-12;2010;7;12;193
240;1419.4699999999998;0.246819;1280275200000;1437.2899999999997;2379.8099999999995;587.8899999999999;2442.3699999999994;2010_07_28;2010-07-28;2010;7;28;209
241;1361.43;0.23806;1281657600000;1477.9799999999998;2402.1;574.91;2515.8799999999997;2010_08_13;2010-08-13;2010;8;13;225
242;1382.6799999999998;0.239621;1283040000000;1470.6699999999998;2398.0799999999995;595.0699999999999;2602.2;2010_08_29;2010-08-29;2010;8;29;241
243;1409.81;0.236443;1284422400000;1543.7999999999997;2500.7999999999997;640.8099999999998;2685.7299999999996;2010_09_14;2010-09-14;2010;9;14;257
244;1309.4099999999999;0.234413;1285804800000;1367.89;2209.6099999999997;585.6899999999999;2147.7899999999995;2010_09_30;2010-09-30;2010;9;30;273
245;1616.6799999999998;0.25400199999999995;1287187200000;1699.99;2858.0599999999995;688.41;3108.7;2010_10_16;2010-10-16;2010;10;16;289
246;1518.87;0.24540399999999998;1288569600000;1678.5499999999997;2765.4199999999996;670.1;3342.6;2010_11_01;2010-11-01;2010;11;1;305
247;1453.1999999999998;0.28227499999999994;1289952000000;1186.52;2123.65;426.84999999999997;2774.37;2010_11_17;2010-11-17;2010;11;17;321
248;1912.54;0.35472899999999996;1291334400000;1078.83;2283.22;397.0899999999999;2376.37;2010_12_03;2010-12-03;2010;12;3;337
249;2468.7699999999995;0.417817;1292716800000;1092.09;2671.1;432.38999999999993;2447.72;2010_12_19;2010-12-19;2010;12;19;353
250;3606.5699999999993;0.655933;1293840000000;514.6899999999998;2533.66;229.39999999999998;1183.3799999999999;2011_01_01;2011-01-01;2011;1;1;1
251;3344.4999999999995;0.602229;1295222400000;631.06;2540.7099999999996;276.97999999999996;1362.5899999999997;2011_01_17;2011-01-17;2011;1;17;17
252;3556.4799999999996;0.533887;1296604800000;990.3599999999999;3257.9699999999993;434.28;2021.6899999999998;2011_02_02;2011-02-02;2011;2;2;33
253;3199.06;0.6459699999999999;1297987200000;479.7299999999999;2214.1199999999994;205.47999999999996;856.7299999999999;2011_02_18;2011-02-18;2011;2;18;49
254;3049.8299999999995;0.476029;1299369600000;1070.91;3018.89;468.1399999999999;1955.8500000000001;2011_03_06;2011-03-06;2011;3;6;65
255;2783.66;0.47058099999999997;1300752000000;973.1099999999999;2704.3999999999996;399.04999999999995;1954.9699999999996;2011_03_22;2011-03-22;2011;3;22;81
256;2018.3399999999997;0.4323499999999999;1302134400000;734.3299999999999;1856.4899999999998;319.60999999999996;1451.51;2011_04_07;2011-04-07;2011;4;7;97
257;1715.98;0.3754519999999999;1303516800000;808.43;1787.4099999999999;322.44;1762.7299999999998;2011_04_23;2011-04-23;2011;4;23;113
258;1654.56;0.33732999999999996;1304899200000;962.9799999999998;1944.1299999999997;384.22999999999996;2139.6299999999997;2011_05_09;2011-05-09;2011;5;9;129
259;1566.2699999999998;0.32977599999999996;1306281600000;951.8599999999998;1887.5299999999995;354.94999999999993;2162.06;2011_05_25;2011-05-25;2011;5;25;145
260;1222.6299999999999;0.25996299999999994;1307664000000;1037.44;1766.96;412.39;2163.18;2011_06_10;2011-06-10;2011;6;10;161
261;1209.4199999999998;0.249425;1309046400000;1120.23;1865.3300000000002;425.8;2366.0499999999993;2011_06_26;2011-06-26;2011;6;26;177
262;1196.4099999999999;0.24179399999999995;1310428800000;1163.11;1903.36;457.4199999999999;2301.81;2011_07_12;2011-07-12;2011;7;12;193
263;1210.99;0.23085899999999998;1311811200000;1281.3;2050.2299999999996;515.2299999999999;2426.8499999999995;2011_07_28;2011-07-28;2011;7;28;209
264;1234.79;0.23404699999999998;1313193600000;1284.1899999999998;2070.1499999999996;516.14;2417.56;2011_08_13;2011-08-13;2011;8;13;225
265;1311.27;0.240706;1314576000000;1357.77;2219.37;525.95;2537.2599999999998;2011_08_29;2011-08-29;2011;8;29;241
266;1419.9099999999996;0.24826199999999995;1315958400000;1391.65;2313.6699999999996;593.6899999999999;2502.45;2011_09_14;2011-09-14;2011;9;14;257
267;1489.1;0.262632;1317340800000;1382.9299999999996;2370.0499999999997;547.41;2825.16;2011_09_30;2011-09-30;2011;9;30;273
268;1365.26;0.25257799999999997;1318723200000;1313.85;2204.85;507.93999999999994;2806.0099999999998;2011_10_16;2011-10-16;2011;10;16;289
269;1589.2699999999998;0.275518;1320105600000;1409.5399999999997;2485.7;529.2099999999999;3216.9300000000003;2011_11_01;2011-11-01;2011;11;1;305
270;2144.89;0.3350699999999999;1321488000000;1442.58;2904.79;605.87;2894.3399999999997;2011_11_17;2011-11-17;2011;11;17;321
271;2230.95;0.4354209999999999;1322870400000;839.67;2146.46;340.4599999999999;1975.6000000000001;2011_12_03;2011-12-03;2011;12;3;337
272;2309.3099999999995;0.4140789999999999;1324252800000;989.63;2404.8399999999997;406.49999999999994;2172.98;2011_12_19;2011-12-19;2011;12;19;353
273;2715.1799999999994;0.43675099999999994;1325376000000;1152.4299999999998;2941.8599999999997;441.71000000000004;2579.45;2012_01_01;2012-01-01;2012;1;1;1
274;2820.8999999999996;0.45776400000000006;1326758400000;1060.0;2851.49;445.57;2314.8999999999996;2012_01_17;2012-01-17;2012;1;17;17
275;2833.62;0.4771719999999998;1328140800000;968.6999999999998;2729.6;399.9599999999999;2127.7499999999995;2012_02_02;2012-02-02;2012;2;2;33
276;3120.449999999999;0.63013;1329523200000;499.69999999999993;2202.49;207.31;1115.11;2012_02_18;2012-02-18;2012;2;18;49
277;2336.6499999999996;0.4760489999999999;1330905600000;734.04;2065.3399999999997;298.10999999999996;1675.6999999999998;2012_03_05;2012-03-05;2012;3;5;65
278;1968.3399999999997;0.370033;1332288000000;1014.2799999999999;2207.95;418.8899999999999;1819.85;2012_03_21;2012-03-21;2012;3;21;81
279;1909.6000000000001;0.344368;1333670400000;1157.0199999999998;2370.0299999999997;455.42;2507.8999999999996;2012_04_06;2012-04-06;2012;4;6;97
280;1713.1899999999998;0.35625999999999997;1335052800000;913.4899999999998;1921.6399999999996;356.0;1712.12;2012_04_22;2012-04-22;2012;4;22;113
281;1637.55;0.307978;1336435200000;1148.9299999999998;2174.5399999999995;456.12999999999994;2519.27;2012_05_08;2012-05-08;2012;5;8;129
282;1341.2899999999997;0.24904899999999996;1337817600000;1319.3499999999997;2186.7999999999997;524.55;2246.5699999999997;2012_05_24;2012-05-24;2012;5;24;145
283;1385.8;0.250413;1339200000000;1389.7299999999998;2316.31;524.75;2575.4599999999996;2012_06_09;2012-06-09;2012;6;9;161
284;1198.4399999999998;0.23029999999999995;1340582400000;1299.4499999999998;2077.2799999999997;487.24;2442.0299999999997;2012_06_25;2012-06-25;2012;6;25;177
285;1166.8999999999999;0.22795500000000002;1341964800000;1244.31;1978.6499999999999;496.0099999999999;2457.49;2012_07_11;2012-07-11;2012;7;11;193
286;1185.1999999999998;0.21681999999999998;1343347200000;1417.8699999999997;2202.93;554.3299999999999;2733.1599999999994;2012_07_27;2012-07-27;2012;7;27;209
287;1168.9499999999998;0.21343999999999996;1344729600000;1421.8;2193.6699999999996;562.43;2803.62;2012_08_12;2012-08-12;2012;8;12;225
288;1216.4499999999998;0.21703699999999998;1346112000000;1465.45;2278.5299999999997;582.8599999999999;2900.8899999999994;2012_08_28;2012-08-28;2012;8;28;241
289;1258.1499999999999;0.23059899999999997;1347494400000;1354.8099999999997;2166.98;555.56;2845.1;2012_09_13;2012-09-13;2012;9;13;257
290;1240.93;0.230393;1348876800000;1375.08;2199.91;515.42;3113.6099999999997;2012_09_29;2012-09-29;2012;9;29;273
291;1427.61;0.266211;1350259200000;1237.5999999999997;2140.4599999999996;502.5399999999999;2520.2099999999996;2012_10_15;2012-10-15;2012;10;15;289
292;1377.6499999999999;0.25328399999999995;1351641600000;1345.08;2263.9099999999994;491.87000000000006;3065.9199999999996;2012_10_31;2012-10-31;2012;10;31;305
293;1726.9299999999998;0.29620399999999997;1353024000000;1396.8099999999997;2570.21;527.1199999999999;3310.4199999999996;2012_11_16;2012-11-16;2012;11;16;321
294;1796.9599999999998;0.35092599999999996;1354406400000;1014.14;2116.24;380.16999999999996;2523.06;2012_12_02;2012-12-02;2012;12;2;337
295;2251.6199999999994;0.38502099999999995;1355788800000;1218.53;2703.5499999999997;473.40999999999997;2967.92;2012_12_18;2012-12-18;2012;12;18;353
296;2189.98;0.331602;1356998400000;1615.3999999999999;3216.8599999999997;610.4499999999999;3529.8;2013_01_01;2013-01-01;2013;1;1;1
297;2330.2499999999995;0.40334;1358380800000;1096.8899999999999;2581.12;428.91999999999996;2479.54;2013_01_17;2013-01-17;2013;1;17;17
298;2346.8799999999997;0.500398;1359763200000;647.67;1946.5799999999997;270.02;1310.44;2013_02_02;2013-02-02;2013;2;2;33
299;2538.1499999999996;0.4384429999999999;1361145600000;1029.3500000000001;2631.1699999999996;402.99999999999994;2409.02;2013_02_18;2013-02-18;2013;2;18;49
300;2216.9999999999995;0.4134259999999999;1362528000000;944.5599999999998;2273.11;395.84;1998.4299999999996;2013_03_06;2013-03-06;2013;3;6;65
301;1912.8699999999997;0.360223;1363910400000;1041.1699999999998;2209.7799999999997;424.3599999999999;2213.6099999999997;2013_03_22;2013-03-22;2013;3;22;81
302;1952.7499999999998;0.3716189999999999;1365292800000;1004.3999999999999;2198.02;396.30999999999995;2314.17;2013_04_07;2013-04-07;2013;4;7;97
303;1799.1099999999997;0.33799799999999997;1366675200000;1110.9399999999998;2246.8399999999997;418.2199999999999;2520.18;2013_04_23;2013-04-23;2013;4;23;113
304;1711.9999999999998;0.309254;1368057600000;1221.83;2315.45;489.25999999999993;2488.3099999999995;2013_05_09;2013-05-09;2013;5;9;129
305;1556.1799999999998;0.286085;1369440000000;1260.85;2270.39;482.9199999999999;2517.99;2013_05_25;2013-05-25;2013;5;25;145
306;1442.37;0.25872699999999993;1370822400000;1353.2099999999998;2298.5299999999997;539.5799999999999;2609.2699999999995;2013_06_10;2013-06-10;2013;6;10;161
307;1419.8899999999999;0.24239699999999997;1372204800000;1484.05;2434.1599999999994;616.06;2601.3799999999997;2013_06_26;2013-06-26;2013;6;26;177
308;1370.0299999999997;0.231506;1373587200000;1556.4399999999998;2494.0699999999997;630.8599999999999;2725.53;2013_07_12;2013-07-12;2013;7;12;193
309;1334.56;0.22519299999999998;1374969600000;1605.25;2538.5299999999997;624.88;2851.0699999999993;2013_07_28;2013-07-28;2013;7;28;209
310;1315.4099999999996;0.22764199999999996;1376352000000;1585.4899999999998;2521.31;568.28;2915.24;2013_08_13;2013-08-13;2013;8;13;225
311;1303.6799999999998;0.22032299999999996;1377734400000;1653.7199999999998;2589.3999999999996;609.7899999999998;3075.3099999999995;2013_08_29;2013-08-29;2013;8;29;241
312;1293.1;0.21553999999999995;1379116800000;1673.07;2592.8899999999994;647.24;3093.0999999999995;2013_09_14;2013-09-14;2013;9;14;257
313;1253.27;0.207635;1380499200000;1702.6899999999998;2595.0699999999997;668.2899999999998;3284.9999999999995;2013_09_30;2013-09-30;2013;9;30;273
314;1238.21;0.22642999999999996;1381881600000;1401.4999999999998;2220.9799999999996;545.09;2931.6;2013_10_16;2013-10-16;2013;10;16;289
315;1309.5899999999997;0.239294;1383264000000;1421.3199999999997;2315.97;503.96;3450.1699999999996;2013_11_01;2013-11-01;2013;11;1;305
316;1265.1799999999998;0.24169499999999994;1384646400000;1288.6599999999999;2112.33;480.13;2979.6899999999996;2013_11_17;2013-11-17;2013;11;17;321
317;1672.05;0.29618399999999995;1386028800000;1305.02;2404.88;505.27999999999986;2988.7299999999996;2013_12_03;2013-12-03;2013;12;3;337
318;2782.98;0.40942899999999993;1387411200000;1397.3999999999999;3354.5999999999995;545.9299999999998;3113.3799999999997;2013_12_19;2013-12-19;2013;12;19;353
319;2782.98;0.40942899999999993;1388534400000;1397.3999999999999;3354.5999999999995;545.9299999999998;3113.3799999999997;2014_01_01;2014-01-01;2014;1;1;1
320;2753.75;0.45701099999999995;1389916800000;1075.65;2832.29;433.3399999999999;2515.18;2014_01_17;2014-01-17;2014;1;17;17
321;3707.1899999999996;0.5591289999999999;1391299200000;948.47;3308.18;420.14;2120.0599999999995;2014_02_02;2014-02-02;2014;2;2;33
322;3615.059999999999;0.5320940000000001;1392681600000;1021.64;3343.2499999999995;450.94999999999993;2043.7799999999997;2014_02_18;2014-02-18;2014;2;18;49
323;3158.4499999999994;0.580565;1394064000000;656.0699999999999;2465.37;273.4;1238.1399999999996;2014_03_06;2014-03-06;2014;3;6;65
324;3252.3999999999996;0.5717959999999999;1395446400000;708.2299999999999;2578.94;324.7;1412.3999999999999;2014_03_22;2014-03-22;2014;3;22;81
325;3023.9099999999994;0.524284;1396828800000;813.63;2605.4999999999995;356.2399999999999;1562.1299999999999;2014_04_07;2014-04-07;2014;4;7;97
326;2380.1899999999996;0.41375499999999993;1398211200000;1073.7799999999997;2590.5899999999997;414.1599999999999;2083.75;2014_04_23;2014-04-23;2014;4;23;113
327;2066.4599999999996;0.35838;1399593600000;1203.2599999999998;2546.8299999999995;468.69999999999993;2211.5499999999997;2014_05_09;2014-05-09;2014;5;9;129
328;1741.0199999999998;0.305702;1400976000000;1278.2199999999998;2403.5599999999995;523.17;2235.98;2014_05_25;2014-05-25;2014;5;25;145
329;1678.5699999999997;0.27737699999999993;1402358400000;1502.58;2656.9599999999996;597.91;2420.7299999999996;2014_06_10;2014-06-10;2014;6;10;161
330;1543.61;0.249047;1403740800000;1619.2999999999997;2691.3399999999997;671.5799999999999;2489.7799999999997;2014_06_26;2014-06-26;2014;6;26;177
331;1465.8;0.225727;1405123200000;1900.6799999999994;3008.55;743.6999999999998;2672.1;2014_07_12;2014-07-12;2014;7;12;193
332;1416.74;0.214443;1406505600000;1946.7;3010.2999999999997;794.9399999999999;2776.2699999999995;2014_07_28;2014-07-28;2014;7;28;209
333;1315.27;0.218412;1407888000000;1622.22;2530.1;673.8799999999999;2484.1899999999996;2014_08_13;2014-08-13;2014;8;13;225
334;1291.82;0.20476799999999995;1409270400000;1835.8999999999999;2780.8099999999995;736.91;2898.0199999999995;2014_08_29;2014-08-29;2014;8;29;241
335;1283.1999999999998;0.21265799999999999;1410652800000;1734.2699999999998;2670.0299999999993;647.8599999999999;2769.16;2014_09_14;2014-09-14;2014;9;14;257
336;1296.9799999999998;0.21890899999999996;1412035200000;1610.82;2513.8799999999997;640.53;2865.5999999999995;2014_09_30;2014-09-30;2014;9;30;273
337;1365.7;0.217244;1413417600000;1782.8699999999997;2772.7099999999996;712.7099999999999;3216.9899999999993;2014_10_16;2014-10-16;2014;10;16;289
338;1235.31;0.20549499999999998;1414800000000;1758.2899999999997;2668.6399999999994;638.79;3766.2799999999997;2014_11_01;2014-11-01;2014;11;1;305
339;1472.1899999999996;0.24432399999999999;1416182400000;1653.3999999999996;2725.2499999999995;595.9599999999999;3664.7399999999993;2014_11_17;2014-11-17;2014;11;17;321
340;1822.6799999999996;0.289991;1417564800000;1567.46;2854.7599999999998;601.4799999999999;3616.59;2014_12_03;2014-12-03;2014;12;3;337
341;1685.8899999999999;0.32515199999999994;1418947200000;1096.72;2163.75;395.66;2702.97;2014_12_19;2014-12-19;2014;12;19;353
342;2312.3899999999994;0.390115;1420070400000;1202.6799999999998;2748.6;461.36999999999995;2472.2699999999995;2015_01_01;2015-01-01;2015;1;1;1
343;3422.8099999999995;0.6110119999999999;1421452800000;623.78;2579.6299999999997;271.17;1421.77;2015_01_17;2015-01-17;2015;1;17;17
344;3458.389999999999;0.5829789999999999;1422835200000;756.3599999999999;2864.4500000000003;287.24999999999994;1781.6399999999996;2015_02_02;2015-02-02;2015;2;2;33
345;3128.8999999999996;0.5356529999999999;1424217600000;812.3499999999999;2687.2599999999993;341.42;1723.4799999999998;2015_02_18;2015-02-18;2015;2;18;49
346;3219.79;0.491334;1425600000000;1084.26;3185.6899999999996;445.88;2105.9199999999996;2015_03_06;2015-03-06;2015;3;6;65
347;3452.9299999999994;0.558113;1426982400000;817.9699999999998;2886.8899999999994;375.0299999999999;1387.9699999999998;2015_03_22;2015-03-22;2015;3;22;81
348;2716.31;0.5166129999999999;1428364800000;724.13;2266.2899999999995;320.12;1447.7899999999997;2015_04_07;2015-04-07;2015;4;7;97
349;2544.73;0.46294799999999997;1429747200000;873.8599999999998;2381.4999999999995;375.65999999999997;1568.2499999999998;2015_04_23;2015-04-23;2015;4;23;113
350;2170.0499999999997;0.3700339999999999;1431129600000;1187.0099999999998;2567.4399999999996;501.03999999999996;2265.2;2015_05_09;2015-05-09;2015;5;9;129
351;1801.9299999999998;0.32933899999999994;1432512000000;1166.8899999999999;2304.6299999999997;467.08;2219.47;2015_05_25;2015-05-25;2015;5;25;145
352;1495.5299999999997;0.25900799999999996;1433894400000;1416.11;2402.9399999999996;586.77;2306.8299999999995;2015_06_10;2015-06-10;2015;6;10;161
353;1405.9799999999998;0.23304;1435276800000;1612.1699999999998;2591.41;647.03;2704.8399999999997;2015_06_26;2015-06-26;2015;6;26;177
354;1335.48;0.22924699999999998;1436659200000;1511.2399999999998;2410.3399999999997;619.8499999999999;2486.1099999999997;2015_07_12;2015-07-12;2015;7;12;193
355;1189.52;0.21194999999999994;1438041600000;1456.3799999999999;2239.6199999999994;603.3599999999999;2672.11;2015_07_28;2015-07-28;2015;7;28;209
356;1175.9599999999998;0.21314199999999997;1439424000000;1433.1699999999998;2209.84;574.52;2697.8999999999996;2015_08_13;2015-08-13;2015;8;13;225
357;1241.1399999999999;0.205585;1440806400000;1687.12;2558.6899999999996;680.92;3210.73;2015_08_29;2015-08-29;2015;8;29;241
358;1341.04;0.22916099999999998;1442188800000;1568.2499999999998;2499.1099999999997;605.95;3181.6099999999997;2015_09_14;2015-09-14;2015;9;14;257
359;1433.4499999999998;0.29057499999999997;1443571200000;1062.8;1939.07;410.2;2600.16;2015_09_30;2015-09-30;2015;9;30;273
360;1301.98;0.258686;1444953600000;1165.36;1982.8199999999995;438.7699999999999;2610.7599999999998;2015_10_16;2015-10-16;2015;10;16;289
361;1427.0199999999998;0.26633199999999996;1446336000000;1277.06;2208.48;470.7099999999999;2986.3;2015_11_01;2015-11-01;2015;11;1;305
362;1362.18;0.25525;1447718400000;1278.37;2160.45;494.03;2810.8799999999997;2015_11_17;2015-11-17;2015;11;17;321
363;1412.3999999999999;0.26171;1449100800000;1266.24;2174.1699999999996;502.46;3002.5799999999995;2015_12_03;2015-12-03;2015;12;3;337
364;1613.2099999999998;0.285837;1450483200000;1301.7599999999998;2352.3999999999996;515.3199999999998;3087.68;2015_12_19;2015-12-19;2015;12;19;353
365;1340.32;0.25140999999999997;1451606400000;1327.54;2220.33;474.2299999999999;3167.6899999999996;2016_01_01;2016-01-01;2016;1;1;1
366;2388.25;0.41728499999999996;1452988800000;1032.5;2544.16;393.65;2727.3199999999997;2016_01_17;2016-01-17;2016;1;17;17
367;2192.74;0.37349999999999994;1454371200000;1159.6999999999998;2592.99;474.7799999999999;2791.6599999999994;2016_02_02;2016-02-02;2016;2;2;33
368;2877.1599999999994;0.4875699999999999;1455753600000;934.2799999999999;2709.3599999999997;381.7499999999999;2236.44;2016_02_18;2016-02-18;2016;2;18;49
369;2969.87;0.5424559999999998;1457136000000;730.2799999999999;2457.7999999999997;308.65;1633.3599999999997;2016_03_05;2016-03-05;2016;3;5;65
370;3252.72;0.543268;1458518400000;817.1999999999999;2770.1299999999997;354.48;1795.02;2016_03_21;2016-03-21;2016;3;21;81
371;2809.93;0.48508899999999994;1459900800000;906.1299999999998;2612.95;379.62999999999994;1836.84;2016_04_06;2016-04-06;2016;4;6;97
372;2378.0099999999998;0.402759;1461283200000;1111.15;2617.08;465.1199999999999;2166.2999999999997;2016_04_22;2016-04-22;2016;4;22;113
373;1840.28;0.338634;1462665600000;1131.7;2291.7299999999996;445.4599999999999;2265.4599999999996;2016_05_08;2016-05-08;2016;5;8;129
374;1601.83;0.314003;1464048000000;1056.9599999999998;2029.15;429.08;2224.1499999999996;2016_05_24;2016-05-24;2016;5;24;145
375;1563.6899999999998;0.31432599999999994;1465430400000;1018.14;1956.32;410.23999999999995;1760.56;2016_06_09;2016-06-09;2016;6;9;161
376;1324.1899999999998;0.26190699999999995;1466812800000;1169.73;1998.12;450.5999999999999;2522.7399999999993;2016_06_25;2016-06-25;2016;6;25;177
377;1236.4699999999998;0.24334099999999995;1468195200000;1228.1499999999999;2012.99;470.25999999999993;2579.06;2016_07_11;2016-07-11;2016;7;11;193
378;1219.6599999999996;0.218272;1469577600000;1470.13;2290.66;571.1199999999999;3069.7099999999996;2016_07_27;2016-07-27;2016;7;27;209
379;1248.09;0.22030499999999997;1470960000000;1502.7199999999998;2345.79;595.3699999999999;2984.1599999999994;2016_08_12;2016-08-12;2016;8;12;225
380;1030.9299999999998;0.25595199999999996;1472342400000;952.5500000000001;1607.3399999999997;194.91999999999996;2096.74;2016_08_28;2016-08-28;2016;8;28;241
381;1488.78;0.253592;1473724800000;1505.03;2534.4799999999996;580.3899999999999;3121.8299999999995;2016_09_13;2016-09-13;2016;9;13;257
382;1379.2199999999998;0.254241;1475107200000;1348.47;2267.5899999999997;499.8499999999999;2935.44;2016_09_29;2016-09-29;2016;9;29;273
383;1216.84;0.24740699999999996;1476489600000;1135.3099999999997;1881.9199999999998;450.85999999999996;2415.7899999999995;2016_10_15;2016-10-15;2016;10;15;289
384;1421.2799999999997;0.262928;1477872000000;1300.57;2230.93;492.91999999999996;3301.5199999999995;2016_10_31;2016-10-31;2016;10;31;305
385;2102.13;0.38193699999999997;1479254400000;1053.0;2371.6399999999994;408.3299999999999;2276.4599999999996;2016_11_16;2016-11-16;2016;11;16;321
386;2075.2599999999998;0.34984999999999994;1480636800000;1298.1399999999999;2709.4799999999996;455.3799999999999;3140.2699999999995;2016_12_02;2016-12-02;2016;12;2;337
387;2264.34;0.428696;1482019200000;896.2099999999998;2272.43;329.23;2327.97;2016_12_18;2016-12-18;2016;12;18;353
388;3194.7599999999998;0.5146609999999999;1483228800000;957.9;2949.43;415.8899999999999;2131.7599999999998;2017_01_01;2017-01-01;2017;1;1;1
389;3935.2299999999996;0.575087;1484611200000;927.7999999999998;3448.9499999999994;390.2299999999999;1954.6599999999996;2017_01_17;2017-01-17;2017;1;17;17
390;4809.799999999999;0.6698179999999999;1485993600000;736.5699999999999;3725.8999999999996;347.34999999999997;1161.09;2017_02_02;2017-02-02;2017;2;2;33
391;3625.5099999999993;0.6232039999999999;1487376000000;633.17;2726.21;279.7;993.5299999999999;2017_02_18;2017-02-18;2017;2;18;49
392;3381.4499999999994;0.575983;1488758400000;737.6999999999999;2743.02;312.06;1548.6599999999999;2017_03_06;2017-03-06;2017;3;6;65
393;3032.2999999999997;0.5153659999999999;1490140800000;875.54;2736.8899999999994;352.44;1781.92;2017_03_22;2017-03-22;2017;3;22;81
394;2461.52;0.436705;1491523200000;959.4599999999998;2446.31;414.2799999999999;1904.3399999999997;2017_04_07;2017-04-07;2017;4;7;97
395;2353.2799999999997;0.41886699999999993;1492905600000;990.2999999999997;2419.36;423.62999999999994;1967.84;2017_04_23;2017-04-23;2017;4;23;113
396;1827.2199999999996;0.37349599999999994;1494288000000;897.6;1966.1999999999998;365.10999999999996;1547.85;2017_05_09;2017-05-09;2017;5;9;129
397;1651.2799999999997;0.307677;1495670400000;1159.84;2191.22;472.0999999999999;2244.47;2017_05_25;2017-05-25;2017;5;25;145
398;1484.7299999999998;0.273426;1497052800000;1260.8799999999999;2209.48;507.6599999999999;2288.8999999999996;2017_06_10;2017-06-10;2017;6;10;161
399;1511.6399999999999;0.243075;1498435200000;1650.6299999999997;2710.3;682.8799999999998;2434.0499999999997;2017_06_26;2017-06-26;2017;6;26;177
400;1431.07;0.22958399999999998;1499817600000;1702.7899999999997;2717.7099999999996;696.5799999999999;2532.97;2017_07_12;2017-07-12;2017;7;12;193
401;1397.6999999999998;0.22724899999999998;1501200000000;1704.6499999999999;2705.3199999999997;675.4999999999999;2523.7799999999997;2017_07_28;2017-07-28;2017;7;28;209
402;1420.87;0.224279;1502582400000;1796.7199999999996;2836.1699999999996;713.2699999999999;2643.459999999999;2017_08_13;2017-08-13;2017;8;13;225
403;1358.2899999999997;0.21847599999999998;1503964800000;1794.9099999999999;2798.1899999999996;680.7299999999999;2697.2099999999996;2017_08_29;2017-08-29;2017;8;29;241
404;1437.6899999999996;0.22727299999999995;1505347200000;1744.7999999999997;2771.4799999999996;719.1199999999999;2690.04;2017_09_14;2017-09-14;2017;9;14;257
405;1319.09;0.226012;1506729600000;1549.5799999999997;2454.27;613.86;3026.0499999999997;2017_09_30;2017-09-30;2017;9;30;273
406;1464.9399999999998;0.2458;1508112000000;1552.9699999999998;2569.1499999999996;607.8499999999999;3153.81;2017_10_16;2017-10-16;2017;10;16;289
407;1466.82;0.26714699999999997;1509494400000;1327.74;2305.0899999999997;488.41;3042.2199999999993;2017_11_01;2017-11-01;2017;11;1;305
408;2116.1299999999997;0.33270099999999997;1510876800000;1438.4299999999998;2864.42;607.6299999999999;2924.7999999999997;2017_11_17;2017-11-17;2017;11;17;321
409;2224.43;0.384026;1512259200000;1126.6399999999996;2552.0399999999995;439.7499999999999;2469.08;2017_12_03;2017-12-03;2017;12;3;337
410;2656.4399999999996;0.443107;1513641600000;1029.4399999999998;2707.79;410.73;2401.08;2017_12_19;2017-12-19;2017;12;19;353
411;2391.3199999999997;0.3926829999999999;1514764800000;1190.2699999999998;2760.7199999999993;474.99999999999994;2570.7799999999997;2018_01_01;2018-01-01;2018;1;1;1
412;2178.43;0.351882;1516147200000;1368.05;2862.9199999999996;526.3799999999999;2905.54;2018_01_17;2018-01-17;2018;1;17;17
413;2496.35;0.44140999999999997;1517529600000;970.7999999999998;2499.9399999999996;401.0999999999999;2029.35;2018_02_02;2018-02-02;2018;2;2;33
414;3173.77;0.548476;1518912000000;773.0799999999999;2645.5899999999997;332.97999999999996;1668.08;2018_02_18;2018-02-18;2018;2;18;49
415;3343.579999999999;0.610254;1520294400000;612.16;2508.7299999999996;257.1;1250.9299999999998;2018_03_06;2018-03-06;2018;3;6;65
416;3140.9399999999996;0.488073;1521676800000;1010.29;3014.9199999999996;403.53999999999996;1948.0;2018_03_22;2018-03-22;2018;3;22;81
417;2874.6099999999997;0.538688;1523059200000;696.53;2348.0499999999997;281.11;1392.3099999999997;2018_04_07;2018-04-07;2018;4;7;97
418;1827.6399999999999;0.35503099999999993;1524441600000;1006.6099999999999;2115.83;398.4999999999999;2288.3199999999997;2018_04_23;2018-04-23;2018;4;23;113
419;1508.1899999999998;0.30474299999999993;1525824000000;1050.59;1972.52;400.57;2407.9699999999993;2018_05_09;2018-05-09;2018;5;9;129
420;1512.4999999999998;0.287317;1527206400000;1184.4899999999998;2141.23;459.01;2497.6099999999997;2018_05_25;2018-05-25;2018;5;25;145
421;1322.04;0.25674299999999994;1528588800000;1200.1299999999999;2030.5399999999997;472.5799999999999;2531.0299999999997;2018_06_10;2018-06-10;2018;6;10;161
422;1327.12;0.24671899999999997;1529971200000;1306.5399999999997;2166.14;511.19999999999993;2636.1199999999994;2018_06_26;2018-06-26;2018;6;26;177
423;1231.85;0.24594999999999995;1531353600000;1185.86;1961.2799999999997;446.5799999999999;2471.83;2018_07_12;2018-07-12;2018;7;12;193
424;1212.53;0.22946099999999997;1532736000000;1318.6;2104.33;511.2099999999999;2781.69;2018_07_28;2018-07-28;2018;7;28;209
425;1286.98;0.236431;1534118400000;1379.09;2233.33;524.22;3087.0099999999993;2018_08_13;2018-08-13;2018;8;13;225
426;1274.5899999999997;0.23283099999999998;1535500800000;1392.5599999999995;2235.44;541.3299999999999;2979.0199999999995;2018_08_29;2018-08-29;2018;8;29;241
427;1247.0;0.22977399999999998;1536883200000;1379.7;2199.1699999999996;540.6299999999999;3100.109999999999;2018_09_14;2018-09-14;2018;9;14;257
428;1281.35;0.21789599999999995;1538265600000;1641.0199999999998;2551.77;617.9299999999998;3519.6400000000003;2018_09_30;2018-09-30;2018;9;30;273
429;1257.85;0.21857299999999996;1539648000000;1565.8999999999999;2434.5;602.6499999999999;3577.43;2018_10_16;2018-10-16;2018;10;16;289
430;1278.8899999999999;0.24038599999999996;1541030400000;1319.53;2155.7;500.19999999999993;3104.899999999999;2018_11_01;2018-11-01;2018;11;1;305
431;1339.7299999999998;0.21923799999999996;1542412800000;1747.1899999999996;2729.8399999999997;651.7199999999999;3831.2699999999995;2018_11_17;2018-11-17;2018;11;17;321
432;1293.4499999999998;0.21314599999999995;1543795200000;1785.7599999999998;2754.5099999999998;633.4599999999999;3944.5299999999997;2018_12_03;2018-12-03;2018;12;3;337
433;1380.6799999999996;0.269575;1545177600000;1167.09;2029.6299999999997;456.09;2644.91;2018_12_19;2018-12-19;2018;12;19;353
434;1722.5899999999997;0.283766;1546300800000;1549.05;2780.21;555.14;3600.389999999999;2019_01_01;2019-01-01;2019;1;1;1
435;2121.58;0.349946;1547683200000;1338.8300000000002;2790.629999999999;482.6399999999999;3292.97;2019_01_17;2019-01-17;2019;1;17;17
436;4053.6899999999996;0.5428029999999999;1549065600000;1108.87;3759.28;523.2499999999999;2221.0799999999995;2019_02_02;2019-02-02;2019;2;2;33
437;3627.3199999999997;0.590289;1550448000000;743.95;2918.7599999999993;316.86999999999995;1456.4799999999998;2019_02_18;2019-02-18;2019;2;18;49
438;3648.3299999999995;0.5583369999999999;1551830400000;867.91;3146.1600000000003;360.15;1906.2199999999996;2019_03_06;2019-03-06;2019;3;6;65
439;2959.649999999999;0.4977249999999999;1553212800000;905.16;2707.22;387.27;1998.3199999999997;2019_03_22;2019-03-22;2019;3;22;81
440;2590.18;0.45136099999999996;1554595200000;965.3699999999999;2545.12;400.89;2062.59;2019_04_07;2019-04-07;2019;4;7;97
441;2302.79;0.4163;1555977600000;989.13;2395.4199999999996;399.50999999999993;1841.4699999999993;2019_04_23;2019-04-23;2019;4;23;113
442;2096.48;0.37124499999999994;1557360000000;1111.5399999999997;2425.0699999999997;454.83;2309.58;2019_05_09;2019-05-09;2019;5;9;129
443;1961.94;0.338079;1558742400000;1251.74;2528.0;500.46;2478.1299999999997;2019_05_25;2019-05-25;2019;5;25;145
444;1830.6899999999996;0.31218499999999993;1560124800000;1318.7299999999998;2516.1499999999996;543.5999999999999;2400.3599999999997;2019_06_10;2019-06-10;2019;6;10;161
445;1642.0299999999997;0.277285;1561507200000;1422.79;2514.1999999999994;591.31;2550.0299999999997;2019_06_26;2019-06-26;2019;6;26;177
446;1613.7399999999996;0.27014499999999997;1562889600000;1476.6099999999997;2565.9599999999996;600.3599999999999;2558.2499999999995;2019_07_12;2019-07-12;2019;7;12;193
447;1605.3499999999997;0.26521599999999995;1564272000000;1514.87;2607.75;622.9699999999999;2698.7799999999993;2019_07_28;2019-07-28;2019;7;28;209
448;1609.1199999999997;0.26628599999999997;1565654400000;1512.9199999999996;2608.6;618.8799999999999;2712.98;2019_08_13;2019-08-13;2019;8;13;225
449;1361.6399999999999;0.24216599999999994;1567036800000;1452.1499999999999;2378.14;548.9699999999998;3034.11;2019_08_29;2019-08-29;2019;8;29;241
450;1414.6499999999999;0.24193499999999996;1568419200000;1509.3999999999996;2472.8799999999997;603.67;2996.4499999999994;2019_09_14;2019-09-14;2019;9;14;257
451;1396.3799999999999;0.23604699999999998;1569801600000;1598.8799999999999;2587.0699999999997;603.18;3209.5299999999993;2019_09_30;2019-09-30;2019;9;30;273
452;1381.7099999999998;0.23175499999999996;1571184000000;1647.9599999999998;2643.3199999999993;608.98;3278.88;2019_10_16;2019-10-16;2019;10;16;289
453;1489.5699999999997;0.26637599999999995;1572566400000;1347.21;2316.5899999999997;555.0899999999999;2621.27;2019_11_01;2019-11-01;2019;11;1;305
454;1551.44;0.264606;1573948800000;1516.1999999999998;2614.3199999999997;536.7;3553.24;2019_11_17;2019-11-17;2019;11;17;321
455;2481.9599999999996;0.3796289999999999;1575331200000;1334.39;2987.5199999999995;579.17;2909.95;2019_12_03;2019-12-03;2019;12;3;337
456;2692.1299999999997;0.4937419999999999;1576713600000;758.8699999999998;2302.22;351.40999999999997;1610.3199999999997;2019_12_19;2019-12-19;2019;12;19;353
457;2894.3899999999994;0.467286;1577836800000;924.6999999999999;2696.0799999999995;419.04999999999995;1680.7499999999998;2020_01_01;2020-01-01;2020;1;1;1
458;3131.9999999999995;0.5338229999999999;1579219200000;790.9899999999999;2654.919999999999;339.62999999999994;1898.59;2020_01_17;2020-01-17;2020;1;17;17
459;3247.869999999999;0.46784399999999987;1580601600000;1245.75;3468.77;502.0299999999999;2923.0599999999995;2020_02_02;2020-02-02;2020;2;2;33
460;3941.1199999999994;0.636832;1581984000000;655.4599999999999;2977.459999999999;285.78999999999996;1360.6;2020_02_18;2020-02-18;2020;2;18;49
461;4348.74;0.6338199999999999;1583366400000;705.7199999999999;3376.9499999999994;322.22999999999996;1363.86;2020_03_05;2020-03-05;2020;3;5;65
462;4046.3299999999995;0.64313;1584748800000;638.18;3030.1399999999994;281.05999999999995;1195.2499999999998;2020_03_21;2020-03-21;2020;3;21;81
463;3654.86;0.6061989999999999;1586131200000;676.9499999999999;2836.42;274.39;1375.47;2020_04_06;2020-04-06;2020;4;6;97
464;3385.46;0.5409809999999999;1587513600000;859.79;2929.3499999999995;365.4;1620.37;2020_04_22;2020-04-22;2020;4;22;113
465;1940.58;0.39121899999999993;1588896000000;878.7699999999999;2011.5999999999997;361.42;1741.53;2020_05_08;2020-05-08;2020;5;8;129
466;1594.81;0.314003;1590278400000;1054.3899999999999;2021.6699999999998;430.12999999999994;2092.68;2020_05_24;2020-05-24;2020;5;24;145
467;1557.8199999999997;0.28057699999999997;1591660800000;1269.8699999999997;2259.9799999999996;532.74;2301.43;2020_06_09;2020-06-09;2020;6;9;161
468;1463.54;0.25530899999999995;1593043200000;1403.88;2365.2699999999995;585.7299999999999;2384.2799999999997;2020_06_25;2020-06-25;2020;6;25;177
469;1329.72;0.23876799999999998;1594425600000;1385.2699999999998;2251.7499999999995;570.9799999999998;2414.6;2020_07_11;2020-07-11;2020;7;11;193
470;1343.6699999999996;0.23251699999999997;1595808000000;1477.4299999999998;2371.0299999999997;616.3299999999999;2603.5199999999995;2020_07_27;2020-07-27;2020;7;27;209
471;1401.6499999999996;0.23971399999999995;1597190400000;1496.9299999999998;2439.18;616.4599999999999;2662.6099999999997;2020_08_12;2020-08-12;2020;8;12;225
472;1398.3799999999999;0.24145799999999995;1598572800000;1469.4799999999998;2405.72;597.9499999999999;2751.3399999999997;2020_08_28;2020-08-28;2020;8;28;241
473;1387.0;0.23832299999999995;1599955200000;1493.47;2430.2;599.52;2986.8199999999997;2020_09_13;2020-09-13;2020;9;13;257
474;1489.3899999999999;0.250488;1601337600000;1555.7399999999996;2601.47;587.39;3072.54;2020_09_29;2020-09-29;2020;9;29;273
475;1421.87;0.24343299999999995;1602720000000;1469.5099999999998;2417.99;610.99;2843.3799999999997;2020_10_15;2020-10-15;2020;10;15;289
476;1872.5599999999995;0.31254599999999993;1604102400000;1383.0399999999997;2638.3599999999997;537.54;3212.4499999999994;2020_10_31;2020-10-31;2020;10;31;305
477;2109.6499999999996;0.3298609999999999;1605484800000;1476.31;2940.1699999999996;600.54;3365.79;2020_11_16;2020-11-16;2020;11;16;321
478;2875.5899999999997;0.45728100000000005;1606867200000;1199.35;3095.5499999999997;472.09999999999997;2639.1699999999996;2020_12_02;2020-12-02;2020;12;2;337
479;2537.8599999999997;0.42411800000000005;1608249600000;1065.6899999999998;2642.29;457.87999999999994;2308.85;2020_12_18;2020-12-18;2020;12;18;353
480;3682.54;0.5623950000000001;1609459200000;851.3499999999999;2958.8299999999995;490.9699999999999;1570.89;2021_01_01;2021-01-01;2021;1;1;1
481;4504.16;0.6940629999999999;1610841600000;597.2999999999998;3267.7699999999995;272.61999999999995;1353.9399999999998;2021_01_17;2021-01-17;2021;1;17;17
482;4240.4;0.673607;1612224000000;609.89;3117.6599999999994;263.53;1223.2199999999998;2021_02_02;2021-02-02;2021;2;2;33
483;3948.349999999999;0.644087;1613606400000;640.0;2958.1199999999994;282.96999999999997;1333.85;2021_02_18;2021-02-18;2021;2;18;49
484;3421.4599999999996;0.5863699999999998;1614988800000;708.0099999999999;2714.0399999999995;306.54999999999995;1434.24;2021_03_06;2021-03-06;2021;3;6;65
485;2661.81;0.5072459999999999;1616371200000;735.8199999999999;2253.1899999999996;322.57;1400.1699999999998;2021_03_22;2021-03-22;2021;3;22;81
486;2360.38;0.4657499999999999;1617753600000;773.7699999999999;2134.05;318.84;1600.23;2021_04_07;2021-04-07;2021;4;7;97
487;2002.1199999999994;0.381982;1619136000000;968.6599999999999;2169.3399999999997;399.30999999999995;1953.85;2021_04_23;2021-04-23;2021;4;23;113
488;1873.3799999999999;0.37555700000000003;1620518400000;911.0399999999998;2008.6799999999998;377.76;1847.31;2021_05_09;2021-05-09;2021;5;9;129
489;1731.7599999999998;0.3168679999999999;1621900800000;1190.2399999999998;2274.0499999999997;501.68999999999994;2034.3799999999997;2021_05_25;2021-05-25;2021;5;25;145
490;1416.4499999999998;0.28004399999999996;1623283200000;1113.86;1972.14;465.4199999999999;1991.5599999999997;2021_06_10;2021-06-10;2021;6;10;161
491;1390.36;0.26853599999999994;1624665600000;1196.2999999999997;2060.47;489.5399999999999;2141.7999999999997;2021_06_26;2021-06-26;2021;6;26;177
492;1443.8999999999999;0.24245899999999998;1626048000000;1536.4899999999998;2522.06;628.8599999999999;2329.72;2021_07_12;2021-07-12;2021;7;12;193
493;1322.6000000000001;0.22286899999999996;1627430400000;1570.5199999999998;2473.72;647.1299999999999;2430.1099999999997;2021_07_28;2021-07-28;2021;7;28;209
494;1441.6899999999998;0.23368999999999995;1628812800000;1642.2799999999997;2644.3199999999997;684.1199999999999;2704.8399999999997;2021_08_13;2021-08-13;2021;8;13;225
495;1196.0199999999998;0.21184599999999995;1630195200000;1505.03;2314.72;591.93;2639.91;2021_08_29;2021-08-29;2021;8;29;241
496;1195.34;0.210877;1631577600000;1504.4999999999998;2312.49;595.7099999999999;2855.79;2021_09_14;2021-09-14;2021;9;14;257
497;1326.2;0.227239;1632960000000;1542.8899999999996;2451.2;612.79;3087.02;2021_09_30;2021-09-30;2021;9;30;273
498;1234.2399999999998;0.22757599999999997;1634342400000;1386.5499999999997;2205.0099999999993;526.8399999999999;3021.0499999999997;2021_10_16;2021-10-16;2021;10;16;289
499;1300.4599999999998;0.23145399999999994;1635724800000;1496.6399999999996;2400.2;526.1899999999998;3545.3399999999992;2021_11_01;2021-11-01;2021;11;1;305
500;1419.07;0.2624679999999999;1637107200000;1290.0199999999998;2214.5899999999997;494.42999999999995;2939.4199999999996;2021_11_17;2021-11-17;2021;11;17;321
501;2208.89;0.36077599999999993;1638489600000;1291.73;2765.79;515.3599999999998;2498.1899999999996;2021_12_03;2021-12-03;2021;12;3;337
502;2418.73;0.45888899999999994;1639872000000;837.23;2285.29;315.12;2084.0199999999995;2021_12_19;2021-12-19;2021;12;19;353
503;2955.0099999999993;0.5344599999999999;1640995200000;722.9599999999999;2426.2799999999997;318.63999999999993;1194.82;2022_01_01;2022-01-01;2022;1;1;1
504;3256.85;0.53791;1642377600000;854.8899999999999;2862.7999999999993;338.87;2050.66;2022_01_17;2022-01-17;2022;1;17;17
505;4751.47;0.644025;1643760000000;830.83;3837.1899999999996;399.99;1714.3699999999997;2022_02_02;2022-02-02;2022;2;2;33
506;3737.859999999999;0.6172879999999998;1645142400000;680.3999999999999;2866.16;310.32;1364.86;2022_02_18;2022-02-18;2022;2;18;49
507;4375.05;0.6697799999999999;1646524800000;632.9099999999999;3223.42;295.7699999999999;1190.5399999999997;2022_03_06;2022-03-06;2022;3;6;65
508;3558.19;0.5765509999999999;1647907200000;783.0599999999998;2919.46;347.37;1260.75;2022_03_22;2022-03-22;2022;3;22;81
509;3137.1399999999994;0.5533729999999999;1649289600000;734.55;2560.9;321.12;1151.17;2022_04_07;2022-04-07;2022;4;7;97
510;2290.33;0.458333;1650672000000;771.3899999999999;2078.7999999999997;322.37999999999994;1576.0599999999997;2022_04_23;2022-04-23;2022;4;23;113
511;1912.5099999999998;0.36744099999999996;1652054400000;975.5799999999999;2108.42;420.63;1799.0399999999997;2022_05_09;2022-05-09;2022;5;9;129
512;1674.61;0.346879;1653436800000;911.3299999999998;1883.61;380.35999999999996;1785.53;2022_05_25;2022-05-25;2022;5;25;145
513;1559.05;0.29011099999999995;1654819200000;1202.08;2185.04;486.5;2056.59;2022_06_10;2022-06-10;2022;6;10;161
514;1335.52;0.27501499999999995;1656201600000;1046.86;1839.9199999999996;439.18999999999994;1671.06;2022_06_26;2022-06-26;2022;6;26;177
515;1519.7199999999998;0.2875329999999999;1657584000000;1163.98;2101.4399999999996;488.8699999999999;2102.5199999999995;2022_07_12;2022-07-12;2022;7;12;193
516;1549.02;0.27522;1658966400000;1314.9799999999998;2313.08;546.0699999999999;2284.2499999999995;2022_07_28;2022-07-28;2022;7;28;209
517;1473.87;0.2562789999999999;1660348800000;1395.2499999999998;2357.72;592.6299999999999;2254.2099999999996;2022_08_13;2022-08-13;2022;8;13;225
518;1469.21;0.253026;1661731200000;1449.37;2429.4199999999996;594.3699999999999;2441.8199999999997;2022_08_29;2022-08-29;2022;8;29;241
519;1515.9599999999998;0.26642299999999997;1663113600000;1369.26;2364.2;554.8899999999999;2537.77;2022_09_14;2022-09-14;2022;9;14;257
520;1430.4899999999998;0.24422099999999997;1664496000000;1485.72;2446.91;607.4;2839.03;2022_09_30;2022-09-30;2022;9;30;273
521;1623.48;0.302162;1665878400000;1168.1499999999999;2181.75;475.96000000000004;2393.7299999999996;2022_10_16;2022-10-16;2022;10;16;289
522;1520.5299999999997;0.267186;1667260800000;1412.86;2446.58;525.8599999999999;3157.269999999999;2022_11_01;2022-11-01;2022;11;1;305
523;2329.61;0.42071499999999995;1668643200000;985.2599999999999;2426.6799999999994;398.50999999999993;2216.64;2022_11_17;2022-11-17;2022;11;17;321
524;2240.4799999999996;0.43685499999999994;1670025600000;829.4499999999998;2149.6;324.4599999999999;1966.1499999999996;2022_12_03;2022-12-03;2022;12;3;337
525;2781.6;0.51616;1671408000000;740.9399999999999;2341.5999999999995;325.10999999999996;1697.2399999999998;2022_12_19;2022-12-19;2022;12;19;353
526;2994.99;0.5619059999999999;1672531200000;645.4199999999998;2337.5699999999997;285.08;1240.6399999999999;2023_01_01;2023-01-01;2023;1;1;1
527;3409.2999999999997;0.541087;1673913600000;880.6299999999998;2945.7799999999997;410.87999999999994;1732.9099999999999;2023_01_17;2023-01-17;2023;1;17;17
528;3673.3299999999995;0.6816759999999998;1675296000000;470.74;2494.4399999999996;206.38;850.9199999999998;2023_02_02;2023-02-02;2023;2;2;33
